{"cameraMode":{"drawMode":0,"name":"Shaded","section":"Shading Mode"},"sceneLighting":false,"audioPlay":false,"sceneViewState":{"m_AlwaysRefresh":false,"showFog":true,"showSkybox":false,"showFlares":true,"showImageEffects":true,"showParticleSystems":true,"showVisualEffectGraphs":true,"m_FxEnabled":true},"in2DMode":false,"pivot":{"x":-32.632591247558597,"y":0.2752811312675476,"z":-95.30936431884766},"rotation":{"x":-0.003491703188046813,"y":-0.9916951060295105,"z":0.027675237506628038,"w":-0.12563955783843995},"size":36.19986343383789,"orthographic":false}